날짜,종가,전일비,시가,고가,저가,거래량
2026.06.30,35960.0,1545.0,34990.0,36047.0,34830.0,41409.0
2026.06.29,34415.0,310.0,35125.0,35635.0,33385.0,33067.0
2026.06.26,34105.0,-2355.0,35890.0,36200.0,34105.0,43468.0
2026.06.25,36460.0,1530.0,35130.0,37270.0,35130.0,57535.0
2026.06.24,34930.0,1370.0,34410.0,34930.0,33830.0,64042.0
2026.06.23,33560.0,-1795.0,35700.0,35700.0,33520.0,73873.0
2026.06.22,35355.0,1410.0,33720.0,36255.0,33720.0,120207.0
2026.06.19,33945.0,60.0,34270.0,35235.0,33850.0,35706.0
2026.06.18,33885.0,2145.0,31900.0,33885.0,31900.0,46960.0
2026.06.17,31740.0,715.0,30995.0,32035.0,30140.0,22427.0
2026.06.16,31025.0,695.0,29880.0,31112.0,29880.0,79228.0
2026.06.15,30330.0,1265.0,29910.0,30450.0,29180.0,42440.0
2026.06.12,29065.0,895.0,28610.0,29750.0,28610.0,40232.0
2026.06.11,28170.0,-255.0,27985.0,28825.0,27580.0,54424.0
2026.06.10,28425.0,-855.0,28820.0,29945.0,28200.0,51723.0
2026.06.09,29280.0,575.0,28705.0,29500.0,28705.0,26845.0
2026.06.08,28705.0,-1360.0,29675.0,29980.0,28000.0,36207.0
2026.06.05,30065.0,-1305.0,31395.0,31550.0,30065.0,37762.0
2026.06.04,31370.0,885.0,30760.0,31470.0,30760.0,18075.0
2026.06.02,30485.0,410.0,30075.0,30545.0,29760.0,46563.0
2026.06.01,30075.0,-1415.0,31490.0,31745.0,30075.0,60770.0
2026.05.29,31490.0,105.0,31430.0,32295.0,31225.0,53927.0
2026.05.28,31385.0,155.0,31085.0,31500.0,30695.0,48216.0
2026.05.27,31230.0,135.0,31285.0,32500.0,31095.0,74743.0
2026.05.26,31095.0,1645.0,30540.0,31095.0,30450.0,63094.0
2026.05.22,29450.0,1740.0,27900.0,29450.0,27755.0,29041.0
2026.05.21,27710.0,55.0,27775.0,28420.0,27690.0,61042.0
2026.05.20,27655.0,620.0,27205.0,27750.0,27075.0,27217.0
2026.05.19,27035.0,-280.0,27485.0,27490.0,26280.0,36903.0
2026.05.18,27315.0,260.0,26995.0,27585.0,26645.0,45437.0
2026.05.15,27055.0,-1395.0,28395.0,28645.0,26625.0,101596.0
2026.05.14,28450.0,125.0,29670.0,30145.0,28225.0,77798.0
2026.05.13,28325.0,1055.0,27270.0,28325.0,27140.0,39977.0
2026.05.12,27270.0,275.0,26925.0,27595.0,26915.0,76889.0
2026.05.11,26995.0,910.0,26110.0,27090.0,26110.0,49457.0
2026.05.08,26085.0,-255.0,26235.0,26445.0,25850.0,36581.0
2026.05.07,26340.0,600.0,25745.0,26370.0,25745.0,61794.0
2026.05.06,25740.0,570.0,25285.0,25950.0,24915.0,35981.0
2026.05.04,25170.0,530.0,24650.0,25580.0,24650.0,33383.0
2026.04.30,24640.0,610.0,24030.0,24745.0,24030.0,21324.0
2026.04.29,24030.0,80.0,24195.0,24195.0,23620.0,23252.0
2026.04.28,23960.0,-380.0,24420.0,24420.0,23960.0,39350.0
2026.04.27,24340.0,-45.0,24395.0,24700.0,24330.0,25541.0
2026.04.24,24385.0,385.0,24000.0,24895.0,23850.0,34898.0
2026.04.23,24000.0,-285.0,24295.0,24900.0,23810.0,84144.0
2026.04.22,24285.0,640.0,23645.0,24290.0,23492.0,33997.0
2026.04.21,23645.0,45.0,23825.0,23825.0,23395.0,29513.0
2026.04.20,23600.0,210.0,23390.0,24000.0,23220.0,24402.0
2026.04.17,23390.0,375.0,23025.0,23570.0,22910.0,27766.0
2026.04.16,23015.0,695.0,22460.0,23040.0,22380.0,38325.0
2026.04.15,22320.0,-425.0,23200.0,23270.0,22280.0,42853.0
2026.04.14,22745.0,220.0,22530.0,23120.0,22530.0,36361.0
2026.04.13,22525.0,-170.0,22570.0,22700.0,22300.0,21089.0
2026.04.10,22695.0,720.0,21975.0,22695.0,21810.0,39251.0
2026.04.09,21975.0,345.0,21395.0,22215.0,21395.0,82201.0
2026.04.08,21630.0,1315.0,20570.0,21645.0,20485.0,67408.0
2026.04.07,20315.0,125.0,20335.0,20490.0,20200.0,18929.0
2026.04.06,20190.0,-105.0,20325.0,20330.0,20180.0,13561.0
2026.04.03,20295.0,160.0,20470.0,20590.0,20205.0,35484.0
2026.04.02,20135.0,-735.0,20500.0,21020.0,20055.0,89827.0
2026.04.01,20870.0,1035.0,19940.0,20945.0,19935.0,57670.0
2026.03.31,19835.0,-665.0,20500.0,20500.0,19705.0,23390.0
2026.03.30,20500.0,180.0,19930.0,20595.0,19670.0,25099.0
2026.03.27,20320.0,-75.0,20250.0,20490.0,19880.0,31925.0
2026.03.26,20395.0,-345.0,20475.0,21175.0,20395.0,60764.0
2026.03.25,20740.0,920.0,20055.0,20855.0,20055.0,31976.0
2026.03.24,19820.0,565.0,19675.0,20185.0,19295.0,53499.0
2026.03.23,19255.0,-1350.0,20350.0,20350.0,19120.0,174121.0
2026.03.20,20605.0,-310.0,21320.0,21320.0,20605.0,50957.0
2026.03.19,20915.0,-615.0,20810.0,21800.0,20810.0,145296.0
2026.03.18,21530.0,810.0,20880.0,21530.0,20500.0,55031.0
2026.03.17,20720.0,-280.0,21010.0,21380.0,20720.0,48264.0
2026.03.16,21000.0,430.0,20645.0,21000.0,20370.0,18915.0
2026.03.13,20570.0,45.0,20645.0,20787.0,20500.0,15751.0
2026.03.12,20525.0,-240.0,20905.0,21285.0,20425.0,22575.0
2026.03.11,20765.0,-345.0,20140.0,21695.0,20140.0,117097.0
2026.03.10,21110.0,1280.0,20045.0,21250.0,20045.0,48505.0
2026.03.09,19830.0,-370.0,20095.0,20295.0,18980.0,70480.0
2026.03.06,20200.0,45.0,20470.0,20470.0,20150.0,21669.0
2026.03.05,20155.0,490.0,19720.0,20350.0,19670.0,50380.0
2026.03.04,19665.0,-570.0,20230.0,20395.0,19665.0,91073.0
2026.03.03,20235.0,-385.0,20810.0,21290.0,20145.0,76999.0
2026.02.27,20620.0,-140.0,20845.0,20900.0,20240.0,97292.0
2026.02.26,20760.0,475.0,20315.0,20875.0,20220.0,27264.0
2026.02.25,20285.0,-490.0,20700.0,20740.0,20150.0,26399.0
2026.02.24,20775.0,640.0,20080.0,21195.0,19865.0,91158.0
2026.02.23,20135.0,-320.0,19920.0,20680.0,19920.0,124375.0
2026.02.20,20455.0,845.0,19655.0,20455.0,19655.0,39833.0
2026.02.19,19610.0,595.0,19405.0,19610.0,19405.0,22469.0
2026.02.13,19015.0,120.0,18845.0,19245.0,18800.0,36874.0
2026.02.12,18895.0,445.0,18405.0,18922.0,18220.0,21807.0
2026.02.11,18450.0,-230.0,18725.0,18730.0,18450.0,19459.0
2026.02.10,18680.0,425.0,17620.0,18815.0,17620.0,145238.0
2026.02.09,18255.0,635.0,17815.0,18350.0,17505.0,39856.0
2026.02.06,17620.0,-145.0,17735.0,17840.0,17260.0,34040.0
2026.02.05,17765.0,-420.0,18185.0,18325.0,17575.0,23931.0
2026.02.04,18185.0,-405.0,18400.0,18600.0,18000.0,26526.0
2026.02.03,18590.0,95.0,18485.0,18910.0,18195.0,38931.0
2026.02.02,18495.0,-485.0,18840.0,19230.0,18320.0,65580.0
2026.01.30,18980.0,440.0,18480.0,19075.0,18250.0,43378.0
2026.01.29,18540.0,-480.0,19050.0,19260.0,18465.0,39670.0
2026.01.28,19020.0,35.0,18610.0,19260.0,18600.0,77375.0
2026.01.27,18985.0,565.0,18530.0,18987.0,18435.0,34010.0
2026.01.26,18420.0,-390.0,18860.0,18860.0,18320.0,55826.0
2026.01.23,18810.0,-195.0,19195.0,19195.0,18685.0,42795.0
2026.01.22,19005.0,315.0,18495.0,19165.0,18495.0,58661.0
2026.01.21,18690.0,200.0,18580.0,18830.0,18255.0,43682.0
2026.01.20,18490.0,-230.0,18785.0,18790.0,18190.0,49922.0
2026.01.19,18720.0,140.0,18580.0,18815.0,18580.0,32709.0
2026.01.16,18580.0,595.0,18010.0,18645.0,18010.0,42568.0
2026.01.15,17985.0,105.0,17735.0,17985.0,17690.0,25483.0
2026.01.14,17880.0,205.0,17730.0,17980.0,17510.0,39648.0
2026.01.13,17675.0,-125.0,17800.0,18100.0,17625.0,42294.0
2026.01.12,17800.0,305.0,17570.0,17815.0,17345.0,34462.0
2026.01.09,17495.0,95.0,17515.0,17640.0,17175.0,24940.0
2026.01.08,17400.0,-50.0,17470.0,17800.0,17345.0,31032.0
2026.01.07,17450.0,70.0,17380.0,17600.0,17285.0,39921.0
2026.01.06,17380.0,125.0,17250.0,17550.0,17250.0,23930.0
2026.01.05,17255.0,535.0,16660.0,17295.0,16655.0,45707.0
2026.01.02,16720.0,5.0,16580.0,16785.0,16375.0,12736.0
2025.12.30,16715.0,320.0,16455.0,16730.0,16360.0,16757.0
2025.12.29,16395.0,-60.0,16575.0,16640.0,16310.0,13941.0
2025.12.26,16455.0,-130.0,16525.0,16550.0,16350.0,15033.0
2025.12.24,16585.0,-60.0,16895.0,16895.0,16490.0,5648.0
2025.12.23,16645.0,-80.0,16795.0,16795.0,16645.0,26334.0
2025.12.22,16725.0,435.0,16185.0,16750.0,16185.0,34424.0
2025.12.19,16290.0,250.0,16240.0,16450.0,16075.0,17049.0
2025.12.18,16040.0,-155.0,16260.0,16260.0,15930.0,31941.0
2025.12.17,16195.0,440.0,16190.0,16205.0,15770.0,20041.0
2025.12.16,15755.0,-275.0,16305.0,16450.0,15590.0,31966.0
2025.12.15,16030.0,-425.0,16350.0,16450.0,16030.0,14057.0
2025.12.12,16455.0,75.0,16425.0,16505.0,16130.0,35184.0
2025.12.11,16380.0,-60.0,16440.0,16590.0,16350.0,12729.0
2025.12.10,16440.0,125.0,16470.0,16470.0,16155.0,7463.0
2025.12.09,16315.0,-5.0,16320.0,16445.0,16315.0,9748.0
2025.12.08,16320.0,405.0,15990.0,16412.0,15915.0,23351.0
2025.12.05,15915.0,150.0,15760.0,16035.0,15755.0,9421.0
2025.12.04,15765.0,95.0,15670.0,15850.0,15590.0,6629.0
2025.12.03,15670.0,-60.0,15810.0,15950.0,15670.0,13407.0
2025.12.02,15730.0,-145.0,16005.0,16005.0,15670.0,16791.0
2025.12.01,15875.0,120.0,15830.0,15970.0,15675.0,12552.0
2025.11.28,15755.0,140.0,15630.0,15775.0,15475.0,12595.0
2025.11.27,15615.0,35.0,15610.0,16040.0,15610.0,23347.0
2025.11.26,15580.0,320.0,15340.0,15707.0,15165.0,24664.0
2025.11.25,15260.0,115.0,15175.0,15595.0,15050.0,32719.0
2025.11.24,15145.0,-60.0,15150.0,15150.0,14750.0,82877.0
2025.11.21,15205.0,-490.0,15715.0,15835.0,15000.0,42183.0
2025.11.20,15695.0,-120.0,15920.0,16180.0,15645.0,54617.0
2025.11.19,15815.0,25.0,15980.0,15980.0,15695.0,29054.0
2025.11.18,15790.0,-190.0,16000.0,16175.0,15790.0,19428.0
2025.11.17,15980.0,-175.0,16455.0,16455.0,15980.0,34888.0
2025.11.14,16155.0,-585.0,16605.0,16815.0,16135.0,42005.0
2025.11.13,16740.0,285.0,16530.0,16750.0,16415.0,31004.0
2025.11.12,16455.0,5.0,16590.0,16610.0,16305.0,18775.0
2025.11.11,16450.0,5.0,16675.0,16860.0,16400.0,44044.0
2025.11.10,16445.0,-255.0,16670.0,16830.0,16350.0,42709.0
2025.11.07,16700.0,-185.0,16850.0,16890.0,16600.0,40415.0
2025.11.06,16885.0,530.0,16510.0,16915.0,16350.0,57986.0
2025.11.05,16355.0,-5.0,16360.0,16410.0,15860.0,67359.0
2025.11.04,16360.0,-190.0,16550.0,16790.0,16360.0,48923.0
2025.11.03,16550.0,-140.0,17085.0,17085.0,16275.0,89065.0
2025.10.31,16690.0,-600.0,17190.0,17215.0,16600.0,58860.0
2025.10.30,17290.0,-285.0,18155.0,18200.0,17135.0,62874.0
2025.10.29,17585.0,125.0,17550.0,17690.0,17500.0,41374.0
2025.10.28,17460.0,115.0,17345.0,17705.0,17345.0,56207.0
2025.10.27,17345.0,475.0,16950.0,17360.0,16950.0,56490.0
2025.10.24,16870.0,795.0,16435.0,16870.0,16290.0,57888.0
2025.10.23,16075.0,-240.0,16080.0,16245.0,15810.0,175152.0
2025.10.22,16315.0,-110.0,16320.0,16425.0,16100.0,147607.0
2025.10.21,16425.0,765.0,15740.0,16460.0,15740.0,181561.0
2025.10.20,15660.0,285.0,15800.0,15970.0,15400.0,222812.0
2025.10.17,15375.0,-405.0,15910.0,15910.0,15335.0,210133.0
2025.10.16,15780.0,-180.0,15625.0,15915.0,15600.0,218769.0
2025.10.15,15960.0,405.0,15695.0,15960.0,15525.0,211394.0
2025.10.14,15555.0,-665.0,16605.0,16815.0,15530.0,232728.0
2025.10.13,16220.0,-405.0,16870.0,16870.0,16000.0,214812.0
2025.10.10,16625.0,-745.0,17250.0,17550.0,16610.0,207908.0
2025.10.02,17370.0,345.0,17015.0,17400.0,17000.0,181716.0
2025.10.01,17025.0,135.0,16780.0,17090.0,16780.0,170182.0
2025.09.30,16890.0,205.0,16740.0,16950.0,16725.0,158799.0
2025.09.29,16685.0,80.0,16495.0,16770.0,16400.0,155058.0
2025.09.26,16605.0,-190.0,16690.0,16885.0,16545.0,155554.0
2025.09.25,16795.0,445.0,16225.0,16850.0,16215.0,158446.0
2025.09.24,16350.0,515.0,16005.0,16480.0,15900.0,185383.0
2025.09.23,15835.0,-205.0,16130.0,16360.0,15775.0,281896.0
2025.09.22,16040.0,0.0,16025.0,16070.0,15695.0,176144.0
2025.09.19,16040.0,75.0,16010.0,16120.0,15940.0,37945.0
2025.09.18,15965.0,40.0,15910.0,16355.0,15905.0,83220.0
2025.09.17,15925.0,300.0,15755.0,15935.0,15665.0,39977.0
2025.09.16,15625.0,10.0,15620.0,15710.0,15555.0,40908.0
2025.09.15,15615.0,-80.0,15695.0,15725.0,15580.0,35052.0
2025.09.12,15695.0,210.0,15285.0,15745.0,15285.0,108277.0
2025.09.11,15485.0,395.0,14955.0,15505.0,14930.0,34919.0
2025.09.10,15090.0,475.0,14745.0,15095.0,14650.0,22679.0
2025.09.09,14615.0,90.0,14685.0,14730.0,14550.0,25581.0
2025.09.08,14525.0,-170.0,14400.0,14785.0,14325.0,47139.0
2025.09.05,14695.0,470.0,14225.0,14695.0,14225.0,37636.0
2025.09.04,14225.0,-755.0,15025.0,15130.0,14225.0,62906.0
2025.09.03,14980.0,85.0,15040.0,15050.0,14790.0,55433.0
2025.09.02,14895.0,-655.0,15525.0,15545.0,14860.0,68332.0
2025.09.01,15550.0,480.0,15340.0,15580.0,15210.0,60944.0
2025.08.29,15070.0,215.0,14990.0,15700.0,14930.0,55035.0
2025.08.28,14855.0,75.0,14540.0,14865.0,14395.0,20947.0
2025.08.27,14780.0,115.0,14710.0,15082.0,14685.0,43701.0
2025.08.26,14665.0,65.0,14600.0,14715.0,14530.0,13805.0
2025.08.25,14600.0,460.0,14135.0,14600.0,14135.0,36793.0
2025.08.22,14140.0,330.0,13900.0,14140.0,13810.0,23102.0
2025.08.21,13810.0,-60.0,13940.0,13940.0,13810.0,3407.0
2025.08.20,13870.0,95.0,13870.0,13870.0,13630.0,19614.0
2025.08.19,13775.0,-55.0,13875.0,13915.0,13775.0,8635.0
2025.08.18,13830.0,155.0,13800.0,13920.0,13680.0,10387.0
2025.08.14,13675.0,115.0,13710.0,13730.0,13565.0,10401.0
2025.08.13,13560.0,420.0,13250.0,13570.0,13240.0,13730.0
2025.08.12,13140.0,95.0,13170.0,13170.0,13045.0,13894.0
2025.08.11,13045.0,0.0,13115.0,13115.0,12800.0,15268.0
2025.08.08,13045.0,-60.0,13180.0,13180.0,13015.0,6839.0
2025.08.07,13105.0,-15.0,13180.0,13180.0,13030.0,5013.0
2025.08.06,13120.0,120.0,13135.0,13140.0,12960.0,4932.0
2025.08.05,13000.0,160.0,12865.0,13010.0,12865.0,3822.0
2025.08.04,12840.0,-40.0,13255.0,13255.0,12625.0,5727.0
2025.08.01,12880.0,0.0,13100.0,13100.0,12880.0,17948.0
2025.07.31,12880.0,5.0,13065.0,13065.0,12880.0,13521.0
2025.07.30,12875.0,-315.0,13340.0,13340.0,12825.0,13774.0
2025.07.29,13190.0,5.0,13185.0,13295.0,13095.0,13599.0
2025.07.28,13185.0,175.0,13260.0,13260.0,13100.0,11045.0
2025.07.25,13010.0,-70.0,13140.0,13140.0,12950.0,8423.0
2025.07.24,13080.0,0.0,13245.0,13245.0,13010.0,13039.0
2025.07.23,13080.0,180.0,13005.0,13125.0,12990.0,9995.0
2025.07.22,12900.0,-125.0,13025.0,13045.0,12890.0,19614.0
2025.07.21,13025.0,100.0,12935.0,13090.0,12880.0,17396.0
2025.07.18,12925.0,155.0,12925.0,12990.0,12770.0,28326.0
2025.07.17,12770.0,140.0,12610.0,12770.0,12430.0,12296.0
2025.07.16,12630.0,265.0,12710.0,12835.0,12520.0,22203.0
2025.07.15,12365.0,275.0,12195.0,12430.0,12060.0,11451.0
2025.07.14,12090.0,15.0,12115.0,12125.0,12085.0,10397.0
2025.07.11,12075.0,75.0,12075.0,12167.0,12000.0,9518.0
2025.07.10,12000.0,-75.0,12000.0,12007.0,11920.0,3764.0
2025.07.09,12075.0,120.0,11955.0,12100.0,11950.0,8675.0
2025.07.08,11955.0,215.0,11780.0,12000.0,11780.0,11888.0
2025.07.07,11740.0,85.0,11770.0,11810.0,11570.0,7528.0
2025.07.04,11655.0,30.0,11750.0,11900.0,11580.0,5581.0
2025.07.03,11625.0,-85.0,11745.0,11745.0,11625.0,6333.0
2025.07.02,11710.0,-125.0,11595.0,11775.0,11470.0,8224.0
2025.07.01,11835.0,-40.0,11850.0,11855.0,11730.0,3289.0
2025.06.30,11875.0,215.0,11745.0,11895.0,11740.0,7489.0
2025.06.27,11660.0,-85.0,11750.0,11780.0,11660.0,9632.0
2025.06.26,11745.0,-10.0,11750.0,11850.0,11600.0,7721.0
2025.06.25,11755.0,290.0,11520.0,11800.0,11475.0,36013.0
2025.06.24,11465.0,15.0,11495.0,11495.0,11465.0,4855.0
2025.06.23,11450.0,230.0,11220.0,11500.0,11105.0,8705.0
2025.06.20,11220.0,-110.0,11330.0,11330.0,11205.0,14746.0
2025.06.19,11330.0,-110.0,11525.0,11525.0,11270.0,6134.0
2025.06.18,11440.0,-30.0,11610.0,11615.0,11360.0,8807.0
2025.06.17,11470.0,105.0,11365.0,11690.0,11365.0,5648.0
2025.06.16,11365.0,-160.0,11420.0,11420.0,11275.0,7314.0
2025.06.13,11525.0,-30.0,11555.0,11635.0,11500.0,8774.0
2025.06.12,11555.0,-335.0,11810.0,11830.0,11500.0,23030.0
2025.06.11,11890.0,290.0,11730.0,11890.0,11610.0,11493.0
2025.06.10,11600.0,45.0,11745.0,11745.0,11560.0,16866.0
2025.06.09,11555.0,165.0,11255.0,11650.0,11255.0,18882.0
2025.06.05,11390.0,-35.0,11385.0,11435.0,11300.0,18386.0
2025.06.04,11425.0,275.0,11395.0,11480.0,11255.0,5760.0
2025.06.02,11150.0,-120.0,11260.0,11260.0,11020.0,16661.0
2025.05.30,11270.0,-240.0,11410.0,11460.0,11150.0,4442.0
2025.05.29,11510.0,200.0,11340.0,11590.0,11300.0,5673.0
2025.05.28,11310.0,-10.0,11345.0,11435.0,11300.0,5015.0
2025.05.27,11320.0,-95.0,11080.0,11330.0,11070.0,10386.0
2025.05.26,11415.0,-105.0,11445.0,11445.0,11305.0,3397.0
2025.05.23,11520.0,-25.0,11570.0,11665.0,11460.0,5129.0
2025.05.22,11545.0,-205.0,11640.0,11675.0,11535.0,9723.0
2025.05.21,11750.0,20.0,11760.0,11805.0,11655.0,11103.0
2025.05.20,11730.0,105.0,11635.0,11795.0,11600.0,19482.0
2025.05.19,11625.0,20.0,11605.0,11650.0,11445.0,9830.0
2025.05.16,11605.0,-110.0,11650.0,11665.0,11505.0,22182.0
2025.05.15,11715.0,-335.0,12020.0,12020.0,11715.0,9939.0
2025.05.14,12050.0,75.0,12045.0,12135.0,11915.0,19429.0
2025.05.13,11975.0,145.0,12200.0,12200.0,11915.0,40802.0
2025.05.12,11830.0,260.0,11620.0,11830.0,11620.0,37237.0
2025.05.09,11570.0,-165.0,11800.0,11860.0,11505.0,14433.0
2025.05.08,11735.0,-55.0,11710.0,11830.0,11600.0,46770.0
2025.05.07,11790.0,-135.0,11925.0,12135.0,11745.0,40229.0
2025.05.02,11925.0,215.0,11805.0,12075.0,11790.0,62837.0
2025.04.30,11710.0,130.0,11580.0,11755.0,11525.0,12923.0
2025.04.29,11580.0,-25.0,11600.0,11705.0,11505.0,28807.0
2025.04.28,11605.0,-5.0,11515.0,11700.0,11485.0,25354.0
2025.04.25,11610.0,190.0,11665.0,11695.0,11515.0,11467.0
2025.04.24,11420.0,-130.0,11715.0,11730.0,11320.0,18973.0
2025.04.23,11550.0,400.0,11235.0,11635.0,11225.0,11965.0
2025.04.22,11150.0,-30.0,11195.0,11200.0,10995.0,8579.0
2025.04.21,11180.0,-45.0,11180.0,11225.0,11090.0,6091.0
2025.04.18,11225.0,105.0,11135.0,11225.0,10985.0,2153.0
2025.04.17,11120.0,100.0,11040.0,11185.0,10960.0,3163.0
2025.04.16,11020.0,-405.0,11480.0,11480.0,10960.0,7447.0
2025.04.15,11425.0,-85.0,11615.0,11680.0,11350.0,4623.0
2025.04.14,11510.0,-125.0,11415.0,11850.0,11365.0,8349.0
2025.04.11,11635.0,130.0,11370.0,11690.0,11080.0,2569.0
2025.04.10,11505.0,260.0,11020.0,11920.0,10945.0,13826.0
2025.04.09,11245.0,680.0,10790.0,11245.0,9965.0,44099.0
2025.04.08,10565.0,-170.0,10610.0,11020.0,10565.0,36391.0
2025.04.07,10735.0,-1650.0,12385.0,12385.0,10600.0,97939.0
2025.04.04,12385.0,-115.0,12475.0,12475.0,12370.0,2844.0
2025.04.03,12500.0,-320.0,12820.0,12820.0,11950.0,6401.0
2025.04.02,12820.0,-40.0,12775.0,12990.0,12740.0,917.0
2025.04.01,12860.0,-45.0,13010.0,13045.0,12860.0,2310.0
2025.03.31,12905.0,-425.0,13185.0,13185.0,12790.0,8336.0
2025.03.28,13330.0,-180.0,13480.0,13570.0,13225.0,9591.0
2025.03.27,13510.0,120.0,13375.0,13665.0,13320.0,9842.0
2025.03.26,13390.0,85.0,13310.0,13570.0,13290.0,14401.0
2025.03.25,13305.0,-225.0,13690.0,13750.0,13300.0,5955.0
2025.03.24,13530.0,110.0,13530.0,13595.0,13465.0,8092.0
2025.03.21,13420.0,-555.0,13850.0,13860.0,13390.0,5755.0
2025.03.20,13975.0,-255.0,14265.0,14265.0,13960.0,1244.0
2025.03.19,14230.0,35.0,14080.0,14340.0,14080.0,1842.0
2025.03.18,14195.0,260.0,14265.0,14310.0,14075.0,2840.0
2025.03.17,13935.0,-310.0,13860.0,14285.0,13820.0,4001.0
2025.03.14,14245.0,780.0,13765.0,14290.0,13765.0,9035.0
2025.03.13,13465.0,-415.0,13855.0,13880.0,13330.0,3402.0
2025.03.12,13880.0,-155.0,14255.0,14255.0,13880.0,17448.0
2025.03.11,14035.0,-210.0,14030.0,14220.0,13850.0,4562.0
2025.03.10,14245.0,-70.0,14315.0,14425.0,14150.0,8402.0
2025.03.07,14315.0,-60.0,14595.0,14620.0,14250.0,25327.0
2025.03.06,14375.0,665.0,14115.0,14450.0,13975.0,76889.0
2025.03.05,13710.0,220.0,13310.0,13850.0,13310.0,3345.0
2025.03.04,13490.0,-10.0,13180.0,13500.0,13010.0,3091.0
2025.02.28,13500.0,-520.0,14020.0,14100.0,13500.0,10911.0
2025.02.27,14020.0,-250.0,14150.0,14250.0,13725.0,10316.0
2025.02.26,14270.0,650.0,13620.0,14365.0,13620.0,20807.0
2025.02.25,13620.0,-180.0,13690.0,13830.0,13255.0,8815.0
2025.02.24,13800.0,-65.0,13865.0,14010.0,13745.0,5406.0
2025.02.21,13865.0,490.0,13335.0,13895.0,13330.0,5844.0
2025.02.20,13375.0,-145.0,13505.0,13570.0,13240.0,12130.0
2025.02.19,13520.0,-45.0,13730.0,13730.0,13420.0,2129.0
2025.02.18,13565.0,285.0,13425.0,13760.0,13425.0,1683.0
2025.02.17,13280.0,195.0,13315.0,13605.0,13255.0,2186.0
2025.02.14,13085.0,-255.0,13340.0,13340.0,12975.0,817.0
2025.02.13,13340.0,340.0,13105.0,13390.0,13005.0,8997.0
2025.02.12,13000.0,-5.0,12870.0,13000.0,12810.0,583.0
2025.02.11,13005.0,195.0,12975.0,13090.0,12930.0,950.0
2025.02.10,12810.0,110.0,12650.0,12985.0,12650.0,2510.0
2025.02.07,12700.0,115.0,12700.0,12700.0,12675.0,62.0
2025.02.06,12585.0,140.0,12660.0,12660.0,12510.0,84.0
2025.02.05,12445.0,155.0,12190.0,12505.0,12190.0,12266.0
2025.02.04,12290.0,200.0,12090.0,12295.0,12090.0,1761.0
2025.02.03,12090.0,-170.0,12220.0,12225.0,12035.0,4659.0
2025.01.31,12260.0,265.0,12050.0,12260.0,12010.0,14038.0
2025.01.24,11995.0,75.0,11920.0,12000.0,11870.0,492.0
2025.01.23,11920.0,-40.0,11960.0,12015.0,11920.0,1110.0
2025.01.22,11960.0,0.0,11960.0,11960.0,11960.0,100.0
2025.01.21,11960.0,70.0,11740.0,11960.0,11740.0,564.0
2025.01.20,11890.0,290.0,11790.0,11890.0,11790.0,116.0
2025.01.17,11600.0,-155.0,11615.0,11615.0,11490.0,569.0
2025.01.16,11755.0,255.0,11690.0,11755.0,11690.0,16.0
2025.01.15,11500.0,-205.0,11435.0,11540.0,11435.0,1756.0
2025.01.14,11705.0,300.0,11620.0,11705.0,11390.0,2129.0
2025.01.13,11405.0,-360.0,11745.0,11745.0,11405.0,2907.0
2025.01.10,11765.0,-5.0,11770.0,11770.0,11765.0,54.0
2025.01.09,11770.0,-145.0,11790.0,11810.0,11770.0,126.0
2025.01.08,11915.0,-150.0,12065.0,12065.0,11760.0,1086.0
2025.01.07,12065.0,-15.0,12195.0,12195.0,12065.0,663.0
2025.01.06,12080.0,0.0,12115.0,12115.0,12080.0,60.0
2025.01.03,12080.0,160.0,11920.0,12085.0,11900.0,21.0
2025.01.02,11920.0,-365.0,12285.0,12285.0,11920.0,1429.0
2024.12.30,12285.0,-165.0,12505.0,12505.0,12225.0,999.0
2024.12.27,12450.0,330.0,12160.0,12450.0,12120.0,446.0
2024.12.26,12120.0,0.0,12145.0,12145.0,12065.0,202.0
2024.12.24,12120.0,30.0,12090.0,12120.0,12090.0,55.0
2024.12.23,12090.0,65.0,12095.0,12095.0,12090.0,32.0
2024.12.20,12025.0,125.0,12050.0,12075.0,12025.0,426.0
2024.12.19,11900.0,25.0,11805.0,11900.0,11805.0,404.0
2024.12.18,11875.0,25.0,11850.0,11945.0,11750.0,437.0
2024.12.17,11850.0,20.0,11830.0,11945.0,11820.0,119.0
2024.12.16,11830.0,-70.0,12220.0,12220.0,11830.0,575.0
2024.12.13,11900.0,15.0,11885.0,11900.0,11885.0,8.0
2024.12.12,11885.0,-85.0,11825.0,11995.0,11825.0,115.0
2024.12.11,11970.0,-25.0,12165.0,12165.0,11970.0,7.0
2024.12.10,11995.0,285.0,11945.0,12255.0,11945.0,3035.0
2024.12.09,11710.0,165.0,11710.0,11715.0,11710.0,122.0
2024.12.06,11545.0,80.0,11575.0,11590.0,11545.0,206.0
2024.12.05,11465.0,185.0,11465.0,11465.0,11415.0,745.0
2024.12.04,11280.0,140.0,11140.0,11460.0,11140.0,374.0
2024.12.03,11140.0,75.0,11065.0,11140.0,11060.0,403.0
2024.12.02,11065.0,160.0,11055.0,11065.0,11030.0,410.0
2024.11.29,10905.0,-115.0,10905.0,11035.0,10875.0,33.0
2024.11.28,11020.0,120.0,10900.0,11045.0,10900.0,14.0
2024.11.27,10900.0,-150.0,10950.0,11055.0,10730.0,779.0
2024.11.26,11050.0,-220.0,11060.0,11060.0,10920.0,173.0
2024.11.25,11270.0,-15.0,11270.0,11270.0,11270.0,1.0
2024.11.22,11285.0,-30.0,11350.0,11350.0,11225.0,279.0
2024.11.21,11315.0,20.0,11360.0,11365.0,11250.0,592.0
2024.11.20,11295.0,165.0,11295.0,11295.0,11295.0,1.0
2024.11.19,11130.0,-5.0,11130.0,11130.0,11130.0,2.0
2024.11.18,11135.0,-185.0,11120.0,11135.0,11120.0,14.0
2024.11.15,11320.0,-75.0,11395.0,11395.0,11320.0,3.0
2024.11.14,11395.0,-15.0,11410.0,11410.0,11395.0,601.0
2024.11.13,11410.0,-135.0,11570.0,11570.0,11410.0,905.0
2024.11.12,11545.0,-105.0,11560.0,11560.0,11545.0,521.0
2024.11.11,11650.0,-150.0,11650.0,11650.0,11650.0,25.0
2024.11.08,11800.0,45.0,11755.0,11985.0,11755.0,4349.0
2024.11.07,11755.0,25.0,11755.0,11775.0,11715.0,479.0
2024.11.06,11730.0,330.0,11725.0,11800.0,11725.0,530.0
2024.11.05,11400.0,5.0,11320.0,11400.0,11280.0,4818.0
2024.11.04,11395.0,115.0,11395.0,11395.0,11395.0,32.0
2024.11.01,11280.0,0.0,11280.0,11280.0,11280.0,0.0
2024.10.31,11420.0,65.0,11355.0,11455.0,11345.0,13492.0
2024.10.30,11355.0,-70.0,11405.0,11410.0,11355.0,219.0
2024.10.29,11425.0,-45.0,11420.0,11470.0,11420.0,32.0
2024.10.28,11470.0,10.0,11405.0,11470.0,11400.0,163.0
2024.10.25,11460.0,10.0,11590.0,11590.0,11300.0,755.0
2024.10.24,11450.0,-200.0,11520.0,11520.0,11445.0,205.0
2024.10.23,11650.0,50.0,11600.0,11660.0,11600.0,109.0
2024.10.22,11600.0,135.0,11500.0,11635.0,11500.0,456.0
2024.10.21,11465.0,-30.0,11675.0,11675.0,11465.0,116.0
2024.10.18,11495.0,290.0,11225.0,11495.0,11225.0,4775.0
2024.10.17,11205.0,120.0,11135.0,11205.0,11135.0,107.0
2024.10.16,11085.0,-310.0,11410.0,11410.0,11050.0,8204.0
2024.10.15,11395.0,-5.0,11470.0,11515.0,11395.0,1029.0
2024.10.14,11400.0,200.0,11350.0,11400.0,11300.0,5510.0
2024.10.11,11200.0,-190.0,11175.0,11255.0,11175.0,217.0
2024.10.10,11390.0,80.0,11000.0,11390.0,11000.0,591.0
2024.10.08,11310.0,-605.0,11915.0,12010.0,11050.0,8314.0
2024.10.07,11915.0,320.0,11820.0,11950.0,11765.0,1362.0
2024.10.04,11595.0,0.0,11595.0,11615.0,11510.0,1397.0
2024.10.02,11595.0,500.0,11095.0,11995.0,10950.0,5480.0
2024.09.30,11095.0,410.0,10720.0,11095.0,10660.0,6268.0
2024.09.27,10685.0,165.0,10600.0,10950.0,10480.0,1334.0
2024.09.26,10520.0,330.0,10190.0,10520.0,10190.0,603.0
2024.09.25,10190.0,150.0,10080.0,10295.0,10080.0,7899.0
2024.09.24,10040.0,380.0,9755.0,10060.0,9755.0,158.0
2024.09.23,9660.0,0.0,9660.0,9660.0,9660.0,0.0
2024.09.20,9660.0,140.0,9625.0,9660.0,9580.0,128.0
2024.09.19,9520.0,-15.0,9485.0,9520.0,9485.0,102.0
2024.09.13,9535.0,0.0,9520.0,9535.0,9520.0,2.0
2024.09.12,9535.0,255.0,9370.0,9535.0,9370.0,409.0
2024.09.11,9280.0,-45.0,9280.0,9280.0,9280.0,1.0
2024.09.10,9325.0,-65.0,9350.0,9370.0,9325.0,27.0
2024.09.09,9390.0,110.0,9420.0,9420.0,9390.0,116.0
2024.09.06,9280.0,-225.0,9240.0,9280.0,9240.0,300.0
2024.09.05,9505.0,-40.0,9525.0,9525.0,9505.0,5.0
2024.09.04,9545.0,-265.0,9545.0,9565.0,9535.0,273.0
2024.09.03,9810.0,-110.0,9810.0,9810.0,9770.0,6.0
2024.09.02,9920.0,0.0,9920.0,9920.0,9920.0,0.0
2024.08.30,9925.0,310.0,9640.0,9925.0,9640.0,1360.0
2024.08.29,9615.0,-160.0,9565.0,9635.0,9565.0,149.0
2024.08.28,9775.0,15.0,9765.0,9775.0,9765.0,100.0
2024.08.27,9760.0,-220.0,9760.0,9765.0,9760.0,4.0
2024.08.26,9980.0,0.0,9980.0,9980.0,9980.0,0.0
2024.08.23,9980.0,0.0,9980.0,9980.0,9980.0,0.0
2024.08.22,9980.0,-5.0,9980.0,9980.0,9975.0,103.0
2024.08.21,9985.0,-125.0,9970.0,9985.0,9970.0,169.0
2024.08.20,10110.0,-15.0,10140.0,10140.0,10110.0,3.0
2024.08.19,10125.0,45.0,10125.0,10125.0,10020.0,1400.0
2024.08.16,10080.0,105.0,10000.0,10100.0,9935.0,316.0
2024.08.14,9975.0,30.0,10035.0,10050.0,9895.0,153.0
2024.08.13,9945.0,115.0,9870.0,9945.0,9870.0,912.0
2024.08.12,9830.0,30.0,9750.0,9850.0,9750.0,904.0
2024.08.09,9800.0,170.0,9775.0,9825.0,9775.0,257.0
2024.08.08,9630.0,-45.0,9605.0,9690.0,9605.0,130.0
2024.08.07,9675.0,365.0,9400.0,9675.0,9400.0,699.0
2024.08.06,9310.0,115.0,9380.0,9535.0,9310.0,2544.0
2024.08.05,9195.0,-515.0,9485.0,9485.0,9195.0,664.0
2024.08.02,9710.0,-300.0,10010.0,10010.0,9710.0,66.0
2024.08.01,10010.0,-10.0,10120.0,10135.0,9980.0,2275.0
2024.07.31,10020.0,30.0,9965.0,10020.0,9965.0,520.0
2024.07.30,9990.0,-65.0,10005.0,10005.0,9945.0,154.0
2024.07.29,10055.0,-120.0,10125.0,10125.0,10055.0,21.0
2024.07.26,10175.0,-95.0,10200.0,10205.0,10175.0,1204.0
2024.07.25,10270.0,-95.0,10310.0,10310.0,10270.0,2705.0
2024.07.24,10365.0,-200.0,10370.0,10370.0,10365.0,49.0
2024.07.23,10565.0,130.0,10435.0,10565.0,10435.0,115.0
2024.07.22,10435.0,-145.0,10480.0,10480.0,10425.0,1249.0
2024.07.19,10580.0,60.0,10530.0,10580.0,10530.0,114.0
2024.07.18,10520.0,-335.0,10705.0,10705.0,10340.0,457.0
2024.07.17,10855.0,-75.0,10900.0,10900.0,10855.0,242.0
2024.07.16,10930.0,-110.0,10975.0,11085.0,10915.0,945.0
2024.07.15,11040.0,-70.0,11180.0,11180.0,11040.0,108.0
2024.07.12,11110.0,105.0,11005.0,11110.0,11005.0,229.0
2024.07.11,11005.0,0.0,11005.0,11005.0,10930.0,208.0
2024.07.10,11005.0,85.0,10955.0,11035.0,10955.0,108.0
2024.07.09,10920.0,150.0,10790.0,10920.0,10790.0,532.0
2024.07.08,10770.0,-10.0,10770.0,10770.0,10770.0,1.0
2024.07.05,10780.0,-40.0,10825.0,10825.0,10780.0,186.0
2024.07.04,10820.0,-10.0,10810.0,10830.0,10810.0,275.0
2024.07.03,10830.0,210.0,10620.0,10830.0,10620.0,127.0
2024.07.02,10620.0,-90.0,10710.0,10710.0,10620.0,9.0
2024.07.01,10710.0,-45.0,10655.0,10710.0,10615.0,73.0
2024.06.28,10755.0,-15.0,10830.0,10830.0,10755.0,103.0
2024.06.27,10770.0,-130.0,10890.0,10890.0,10770.0,322.0
2024.06.26,10900.0,140.0,10855.0,10900.0,10810.0,7.0
2024.06.25,10760.0,-110.0,10785.0,10785.0,10760.0,147.0
2024.06.24,10870.0,-195.0,11095.0,11095.0,10870.0,316.0
2024.06.21,11065.0,-175.0,11235.0,11235.0,11065.0,312.0
2024.06.20,11240.0,155.0,11105.0,11265.0,11010.0,833.0
2024.06.19,11085.0,80.0,11010.0,11170.0,10970.0,385.0
2024.06.18,11005.0,75.0,11075.0,11075.0,11000.0,115.0
2024.06.17,10930.0,110.0,10985.0,10985.0,10880.0,129.0
2024.06.14,10820.0,35.0,10785.0,10900.0,10785.0,976.0
2024.06.13,10785.0,245.0,10700.0,10785.0,10620.0,334.0
2024.06.12,10540.0,25.0,10605.0,10605.0,10540.0,475.0
2024.06.11,10515.0,-15.0,10615.0,10615.0,10505.0,335.0
2024.06.10,10530.0,-80.0,10665.0,10665.0,10530.0,489.0
2024.06.07,10610.0,130.0,10480.0,10645.0,10480.0,366.0
2024.06.05,10480.0,-155.0,10625.0,10700.0,10445.0,311.0
2024.06.04,10635.0,0.0,10635.0,10635.0,10635.0,1.0
2024.06.03,10635.0,0.0,10630.0,10745.0,10530.0,2214.0
2024.05.31,10635.0,0.0,10635.0,10635.0,10635.0,1.0
2024.05.30,10635.0,25.0,10630.0,10675.0,10630.0,4.0
2024.05.29,10610.0,-65.0,10675.0,10705.0,10610.0,114.0
2024.05.28,10675.0,110.0,10690.0,10690.0,10635.0,8.0
2024.05.27,10565.0,-20.0,10620.0,10705.0,10565.0,278.0
2024.05.24,10585.0,-120.0,10640.0,10640.0,10585.0,705.0
2024.05.23,10705.0,65.0,10810.0,10810.0,10610.0,579.0
2024.05.22,10640.0,-35.0,10670.0,10670.0,10620.0,42.0
2024.05.21,10675.0,-205.0,10880.0,10880.0,10670.0,868.0
2024.05.20,10880.0,165.0,10830.0,10880.0,10740.0,1331.0
2024.05.17,10715.0,180.0,10610.0,10795.0,10545.0,506.0
2024.05.16,10535.0,-75.0,10675.0,10675.0,10535.0,385.0
2024.05.14,10610.0,430.0,10280.0,10610.0,10280.0,1790.0
2024.05.13,10180.0,30.0,10335.0,10335.0,10180.0,710.0
2024.05.10,10150.0,0.0,10185.0,10185.0,10150.0,231.0
2024.05.09,10150.0,5.0,10150.0,10150.0,10150.0,67.0
2024.05.08,10145.0,95.0,10160.0,10280.0,10115.0,789.0
2024.05.07,10050.0,-270.0,10320.0,10320.0,9950.0,1238.0
2024.05.03,10320.0,410.0,10105.0,10375.0,10105.0,9054.0
2024.05.02,9910.0,80.0,9890.0,9940.0,9890.0,328.0
2024.04.30,9830.0,-120.0,9950.0,9990.0,9830.0,31.0
2024.04.29,9950.0,165.0,9725.0,9970.0,9725.0,2114.0
2024.04.26,9785.0,265.0,9650.0,9785.0,9645.0,777.0
2024.04.25,9520.0,-105.0,9605.0,9710.0,9520.0,398.0
2024.04.24,9625.0,430.0,9305.0,9695.0,9300.0,1273.0
2024.04.23,9195.0,65.0,9130.0,9195.0,9130.0,129.0
2024.04.22,9130.0,-25.0,9210.0,9300.0,9090.0,2082.0
2024.04.19,9155.0,-205.0,9405.0,9405.0,9065.0,652.0
2024.04.18,9360.0,-25.0,9300.0,9360.0,9300.0,10.0
2024.04.17,9385.0,-110.0,9375.0,9385.0,9375.0,53.0
2024.04.16,9495.0,-190.0,9670.0,9670.0,9495.0,276.0
2024.04.15,9685.0,-130.0,9815.0,9815.0,9685.0,121.0
2024.04.12,9815.0,80.0,9805.0,9815.0,9780.0,260.0
2024.04.11,9735.0,220.0,9820.0,9820.0,9735.0,56.0
2024.04.09,9515.0,-160.0,9515.0,9515.0,9515.0,1.0
2024.04.08,9675.0,80.0,9655.0,9675.0,9655.0,401.0
2024.04.05,9595.0,0.0,9595.0,9595.0,9595.0,0.0
2024.04.04,9585.0,0.0,9585.0,9585.0,9585.0,0.0
2024.04.03,9585.0,-125.0,9710.0,9710.0,9585.0,510.0
2024.04.02,9710.0,165.0,9545.0,9755.0,9545.0,1043.0
2024.04.01,9545.0,50.0,9575.0,9575.0,9525.0,29.0
2024.03.29,9495.0,-25.0,9495.0,9520.0,9495.0,16.0
2024.03.28,9520.0,25.0,9480.0,9520.0,9450.0,559.0
2024.03.27,9495.0,-40.0,9550.0,9550.0,9495.0,206.0
2024.03.26,9535.0,-65.0,9535.0,9535.0,9535.0,100.0
2024.03.25,9600.0,-15.0,9615.0,9710.0,9600.0,265.0
2024.03.22,9615.0,-75.0,9690.0,9690.0,9530.0,735.0
2024.03.21,9690.0,55.0,9690.0,9690.0,9635.0,131.0
2024.03.20,9635.0,35.0,9590.0,9635.0,9585.0,122.0
2024.03.19,9600.0,35.0,9540.0,9620.0,9540.0,17.0
2024.03.18,9565.0,200.0,9555.0,9595.0,9505.0,165.0
2024.03.15,9365.0,-100.0,9645.0,9645.0,9365.0,1015.0
2024.03.14,9465.0,-235.0,9700.0,9700.0,9465.0,726.0
2024.03.13,9700.0,265.0,9475.0,9700.0,9475.0,546.0
2024.03.12,9435.0,185.0,9370.0,9435.0,9370.0,1136.0
2024.03.11,9250.0,-90.0,9300.0,9300.0,9250.0,63.0
2024.03.08,9340.0,-10.0,9440.0,9440.0,9280.0,459.0
2024.03.07,9350.0,-15.0,9325.0,9350.0,9295.0,307.0
2024.03.06,9365.0,130.0,9285.0,9375.0,9270.0,1593.0
2024.03.05,9235.0,-175.0,9350.0,9370.0,9235.0,1777.0
2024.03.04,9410.0,175.0,9445.0,9445.0,9410.0,128.0
2024.02.29,9235.0,-50.0,9330.0,9330.0,9120.0,1372.0
2024.02.28,9285.0,35.0,9350.0,9350.0,9255.0,117.0
2024.02.27,9250.0,-5.0,9295.0,9295.0,8855.0,642.0
2024.02.26,9255.0,-10.0,9265.0,9265.0,9080.0,264.0
2024.02.23,9265.0,75.0,9410.0,9485.0,9265.0,602.0
2024.02.22,9190.0,-35.0,9245.0,9245.0,9110.0,257.0
2024.02.21,9225.0,140.0,9075.0,9230.0,9075.0,332.0
2024.02.20,9085.0,-105.0,9220.0,9220.0,9050.0,702.0
2024.02.19,9190.0,-30.0,9190.0,9190.0,9190.0,100.0
2024.02.16,9220.0,170.0,9120.0,9220.0,9120.0,8.0
2024.02.15,9050.0,145.0,9035.0,9050.0,8940.0,573.0
2024.02.14,8905.0,-100.0,8930.0,8930.0,8855.0,422.0
2024.02.13,9005.0,50.0,8950.0,9005.0,8950.0,203.0
2024.02.08,8955.0,-10.0,8965.0,8980.0,8955.0,159.0
2024.02.07,8965.0,140.0,8965.0,8985.0,8965.0,121.0
2024.02.06,8825.0,290.0,8620.0,8890.0,8620.0,1116.0
2024.02.05,8535.0,-5.0,8600.0,8620.0,8450.0,367.0
2024.02.02,8540.0,-145.0,8690.0,8695.0,8540.0,758.0
2024.02.01,8685.0,170.0,8650.0,8685.0,8570.0,3324.0
2024.01.31,8515.0,-470.0,8885.0,8885.0,8515.0,634.0
2024.01.30,8985.0,-75.0,9015.0,9015.0,8985.0,130.0
2024.01.29,9090.0,0.0,9185.0,9195.0,9090.0,129.0
2024.01.26,9090.0,-125.0,9280.0,9280.0,9090.0,1129.0
2024.01.25,9215.0,235.0,9200.0,9215.0,9130.0,2370.0
2024.01.24,8980.0,80.0,8940.0,9010.0,8940.0,1002.0
2024.01.23,8900.0,-10.0,8910.0,8910.0,8815.0,320.0
2024.01.22,8910.0,140.0,8955.0,8955.0,8850.0,342.0
2024.01.19,8770.0,-80.0,8915.0,8915.0,8770.0,726.0
2024.01.18,8850.0,75.0,8775.0,9205.0,8590.0,952.0
2024.01.17,8775.0,-170.0,8945.0,9080.0,8735.0,1280.0
2024.01.16,8945.0,-50.0,9085.0,9085.0,8945.0,587.0
2024.01.15,8995.0,-165.0,9320.0,9320.0,8995.0,87.0
2024.01.12,9160.0,-30.0,9180.0,9235.0,9140.0,293.0
2024.01.11,9190.0,135.0,9150.0,9190.0,9150.0,101.0
2024.01.10,9055.0,-5.0,9095.0,9095.0,9055.0,55.0
2024.01.09,9060.0,-20.0,9610.0,9610.0,9060.0,1438.0
2024.01.08,9080.0,-205.0,9305.0,9355.0,9080.0,877.0
2024.01.05,9285.0,-30.0,9305.0,9355.0,9285.0,215.0
2024.01.04,9315.0,5.0,9355.0,9355.0,9315.0,221.0
2024.01.03,9310.0,-280.0,9675.0,9675.0,9215.0,748.0
2024.01.02,9590.0,90.0,9510.0,9605.0,9500.0,422.0
2023.12.28,9500.0,195.0,9305.0,9500.0,9305.0,128.0
2023.12.27,9305.0,155.0,9160.0,9305.0,9160.0,2.0
2023.12.26,9150.0,-75.0,9190.0,9190.0,9150.0,54.0
2023.12.22,9225.0,-175.0,9490.0,9585.0,9075.0,658.0
2023.12.21,9400.0,-110.0,9400.0,9400.0,9400.0,53.0
2023.12.20,9510.0,50.0,9510.0,9510.0,9510.0,71.0
2023.12.19,9460.0,-30.0,9540.0,9560.0,9445.0,325.0
2023.12.18,9490.0,-60.0,9530.0,9545.0,9490.0,233.0
2023.12.15,9550.0,165.0,9350.0,9550.0,9350.0,597.0
2023.12.14,9385.0,-65.0,9540.0,9540.0,9385.0,202.0
2023.12.13,9450.0,0.0,9450.0,9450.0,9450.0,0.0
2023.12.12,9485.0,205.0,9450.0,9550.0,9445.0,121.0
2023.12.11,9280.0,-40.0,9395.0,9395.0,9280.0,504.0
2023.12.08,9320.0,0.0,9310.0,9320.0,9270.0,112.0
2023.12.07,9320.0,15.0,9320.0,9320.0,9320.0,100.0
2023.12.06,9305.0,55.0,9310.0,9310.0,9305.0,200.0
2023.12.05,9250.0,-190.0,9425.0,9425.0,9250.0,607.0
2023.12.04,9440.0,-130.0,9520.0,9520.0,9440.0,705.0
2023.12.01,9570.0,100.0,9590.0,9590.0,9555.0,312.0
2023.11.30,9470.0,-60.0,9565.0,9565.0,9470.0,301.0
2023.11.29,9530.0,10.0,9540.0,9540.0,9530.0,201.0
2023.11.28,9520.0,-50.0,9570.0,9570.0,9515.0,15.0
2023.11.27,9570.0,40.0,9585.0,9585.0,9570.0,101.0
2023.11.24,9530.0,-100.0,9720.0,9720.0,9530.0,16.0
2023.11.23,9630.0,5.0,9655.0,9655.0,9630.0,101.0
2023.11.22,9625.0,0.0,9625.0,9625.0,9625.0,102.0
2023.11.21,9625.0,35.0,9625.0,9625.0,9625.0,70.0
2023.11.20,9590.0,105.0,9600.0,9600.0,9590.0,7.0
2023.11.17,9485.0,-205.0,9705.0,9720.0,9485.0,1789.0
2023.11.16,9690.0,50.0,9825.0,9925.0,9675.0,1448.0
2023.11.15,9640.0,-90.0,9655.0,9665.0,9640.0,109.0
2023.11.14,9730.0,120.0,9735.0,9735.0,9685.0,115.0
2023.11.13,9610.0,155.0,9540.0,9610.0,9540.0,400.0
2023.11.10,9455.0,-100.0,9605.0,9605.0,9455.0,800.0
2023.11.09,9555.0,-20.0,9605.0,9605.0,9555.0,300.0
2023.11.08,9575.0,25.0,9500.0,9575.0,9500.0,62.0
2023.11.07,9550.0,80.0,9550.0,9550.0,9550.0,1.0
2023.11.06,9470.0,150.0,9130.0,9470.0,9130.0,2209.0
2023.11.03,9320.0,70.0,9195.0,9320.0,9135.0,321.0
2023.11.02,9250.0,-15.0,9255.0,9255.0,9250.0,3.0
2023.11.01,9265.0,-75.0,9345.0,9345.0,9235.0,633.0
2023.10.31,9340.0,10.0,9415.0,9420.0,9270.0,1410.0
2023.10.30,9330.0,-40.0,9285.0,9405.0,9285.0,604.0
2023.10.27,9370.0,240.0,9280.0,9370.0,9195.0,212.0
2023.10.26,9130.0,-115.0,8960.0,9200.0,8960.0,505.0
2023.10.25,9245.0,185.0,9170.0,9245.0,9170.0,14.0
2023.10.24,9060.0,-65.0,9125.0,9125.0,9060.0,126.0
2023.10.23,9125.0,0.0,9125.0,9125.0,9125.0,3.0
2023.10.20,9125.0,-135.0,9315.0,9315.0,9125.0,123.0
2023.10.19,9260.0,-100.0,9260.0,9260.0,9260.0,1.0
2023.10.18,9360.0,-210.0,9530.0,9530.0,9335.0,203.0
2023.10.17,9570.0,-20.0,9550.0,9595.0,9550.0,103.0
2023.10.16,9590.0,-105.0,9720.0,9720.0,9590.0,230.0
2023.10.13,9695.0,-50.0,9760.0,9800.0,9695.0,9.0
2023.10.12,9745.0,205.0,9635.0,9745.0,9635.0,121.0
2023.10.11,9540.0,45.0,9540.0,9540.0,9540.0,2.0
2023.10.10,9495.0,310.0,9440.0,9495.0,9400.0,15.0
2023.10.06,9185.0,-90.0,9145.0,9185.0,9145.0,2.0
2023.10.05,9275.0,-30.0,9305.0,9305.0,9275.0,204.0
2023.10.04,9305.0,160.0,9315.0,9315.0,9305.0,18.0
2023.09.27,9145.0,-85.0,9145.0,9145.0,9145.0,13.0
2023.09.26,9230.0,60.0,9085.0,9230.0,9030.0,127.0
2023.09.25,9170.0,120.0,9250.0,9250.0,9170.0,23.0
2023.09.22,9050.0,-70.0,8910.0,9050.0,8910.0,107.0
2023.09.21,9120.0,-60.0,9120.0,9120.0,9120.0,28.0
2023.09.20,9180.0,-40.0,9265.0,9265.0,9180.0,150.0
2023.09.19,9220.0,-270.0,9350.0,9350.0,9130.0,116.0
2023.09.18,9490.0,-60.0,9490.0,9490.0,9490.0,1.0
2023.09.15,9550.0,100.0,9460.0,9550.0,9440.0,12.0
2023.09.14,9450.0,75.0,9395.0,9450.0,9395.0,3.0
2023.09.13,9375.0,-110.0,9375.0,9375.0,9375.0,2.0
2023.09.12,9485.0,0.0,9555.0,9555.0,9485.0,202.0
2023.09.11,9485.0,-75.0,9550.0,9550.0,9430.0,106.0
2023.09.08,9560.0,-75.0,9550.0,9635.0,9540.0,101.0
2023.09.07,9635.0,-65.0,9670.0,9750.0,9635.0,67.0
2023.09.06,9700.0,15.0,9805.0,9805.0,9700.0,72.0
2023.09.05,9685.0,-70.0,9800.0,9800.0,9685.0,115.0
2023.09.04,9755.0,245.0,9625.0,9755.0,9520.0,929.0
2023.09.01,9510.0,-175.0,9510.0,9510.0,9510.0,351.0
2023.08.31,9685.0,20.0,9685.0,9685.0,9685.0,100.0
2023.08.30,9665.0,145.0,9575.0,9665.0,9575.0,15.0
2023.08.29,9520.0,60.0,9355.0,9520.0,9355.0,407.0
2023.08.28,9460.0,0.0,9380.0,9460.0,9380.0,4.0
2023.08.25,9460.0,5.0,9565.0,9565.0,9460.0,1101.0
2023.08.24,9455.0,125.0,9480.0,9480.0,9435.0,3.0
2023.08.23,9330.0,-75.0,9305.0,9330.0,9265.0,500.0
2023.08.22,9405.0,80.0,9335.0,9405.0,9335.0,51.0
2023.08.21,9325.0,-145.0,9475.0,9475.0,9325.0,544.0
2023.08.18,9470.0,-155.0,9575.0,9575.0,9275.0,1276.0
2023.08.17,9625.0,60.0,9625.0,9625.0,9505.0,227.0
2023.08.16,9565.0,-115.0,9765.0,9765.0,9565.0,211.0
2023.08.14,9680.0,-195.0,9810.0,9810.0,9470.0,768.0
2023.08.11,9875.0,-70.0,10070.0,10070.0,9875.0,1548.0
2023.08.10,9945.0,-70.0,10000.0,10015.0,9945.0,303.0
2023.08.09,10015.0,50.0,10055.0,10090.0,10015.0,207.0
2023.08.08,9965.0,5.0,10060.0,10205.0,9965.0,655.0
2023.08.07,9960.0,-10.0,9970.0,10000.0,9940.0,42.0
2023.08.04,9970.0,40.0,9930.0,9990.0,9910.0,830.0
2023.08.03,9930.0,0.0,9930.0,9930.0,9930.0,100.0
2023.08.02,9930.0,-75.0,10005.0,10075.0,9930.0,399.0
2023.08.01,10005.0,0.0,9990.0,10005.0,9975.0,264.0
2023.07.31,10005.0,155.0,9960.0,10035.0,9900.0,1252.0
2023.07.28,9850.0,65.0,9795.0,9870.0,9745.0,1056.0
2023.07.27,9785.0,45.0,9760.0,9860.0,9760.0,47.0
2023.07.26,9740.0,105.0,9745.0,9800.0,9560.0,329.0
2023.07.25,9635.0,110.0,9630.0,9655.0,9580.0,1182.0
2023.07.24,9525.0,-60.0,9585.0,9585.0,9340.0,546.0
2023.07.21,9585.0,0.0,9585.0,9585.0,9585.0,22.0
2023.07.20,9585.0,-40.0,9585.0,9585.0,9460.0,353.0
2023.07.19,9625.0,-55.0,9680.0,9680.0,9615.0,203.0
2023.07.18,9680.0,-65.0,9830.0,9830.0,9680.0,203.0
2023.07.17,9745.0,-45.0,9905.0,9905.0,9745.0,530.0
2023.07.14,9790.0,-50.0,9880.0,9880.0,9775.0,178.0
2023.07.13,9840.0,215.0,9625.0,9840.0,9625.0,111.0
2023.07.12,9625.0,150.0,9580.0,9625.0,9570.0,120.0
2023.07.11,9475.0,65.0,9420.0,9475.0,9420.0,120.0
2023.07.10,9410.0,35.0,9405.0,9470.0,9330.0,119.0
2023.07.07,9375.0,-105.0,9485.0,9485.0,9375.0,354.0
2023.07.06,9480.0,-130.0,9655.0,9655.0,9475.0,113.0
2023.07.05,9610.0,-75.0,9670.0,9670.0,9610.0,186.0
2023.07.04,9685.0,200.0,9485.0,9685.0,9425.0,4328.0
2023.07.03,9485.0,60.0,9430.0,9490.0,9420.0,1864.0
2023.06.30,9425.0,-40.0,9525.0,9535.0,9425.0,3751.0
2023.06.29,9465.0,15.0,9510.0,9510.0,9465.0,632.0
2023.06.28,9450.0,100.0,9445.0,9535.0,9370.0,263.0
2023.06.27,9350.0,0.0,9255.0,9350.0,9255.0,154.0
2023.06.26,9350.0,-65.0,9400.0,9400.0,9350.0,2.0
2023.06.23,9415.0,0.0,9415.0,9415.0,9415.0,35.0
2023.06.22,9415.0,-90.0,9460.0,9460.0,9415.0,10.0
2023.06.21,9505.0,-35.0,9610.0,9610.0,9445.0,1900.0
2023.06.20,9540.0,-100.0,9710.0,9715.0,9540.0,664.0
2023.06.19,9640.0,40.0,9555.0,9730.0,9445.0,87.0
2023.06.16,9600.0,100.0,9525.0,9610.0,9490.0,121.0
2023.06.15,9500.0,140.0,9460.0,9510.0,9455.0,189.0
2023.06.14,9360.0,95.0,9300.0,9410.0,9295.0,616.0
2023.06.13,9265.0,65.0,9360.0,9360.0,9195.0,150.0
2023.06.12,9200.0,-25.0,9260.0,9265.0,9200.0,199.0
2023.06.09,9225.0,-15.0,9225.0,9225.0,9165.0,573.0
2023.06.08,9240.0,85.0,9220.0,9325.0,9150.0,663.0
2023.06.07,9155.0,-70.0,9125.0,9230.0,9110.0,1522.0
2023.06.05,9225.0,-20.0,9160.0,9230.0,9105.0,2314.0
2023.06.02,9245.0,220.0,9130.0,9245.0,9095.0,2348.0
2023.06.01,9025.0,160.0,9000.0,9025.0,8995.0,128.0
2023.05.31,8865.0,-275.0,9125.0,9125.0,8865.0,521.0
2023.05.30,9140.0,120.0,9080.0,9140.0,9060.0,507.0
2023.05.26,9020.0,5.0,9050.0,9060.0,8995.0,515.0
2023.05.25,9015.0,-70.0,8975.0,9120.0,8940.0,462.0
2023.05.24,9085.0,-155.0,9105.0,9175.0,8825.0,688.0
2023.05.23,9240.0,-65.0,9210.0,9240.0,9170.0,145.0
2023.05.22,9305.0,15.0,9260.0,9305.0,9260.0,160.0
2023.05.19,9290.0,-180.0,9375.0,9375.0,9290.0,361.0
2023.05.18,9470.0,45.0,9395.0,9470.0,9385.0,203.0
2023.05.17,9425.0,0.0,9425.0,9425.0,9425.0,0.0
2023.05.16,9425.0,215.0,9170.0,9430.0,9170.0,379.0
2023.05.15,9210.0,-15.0,9160.0,9210.0,9160.0,101.0
2023.05.12,9225.0,90.0,9225.0,9225.0,9195.0,5.0
2023.05.11,9135.0,-15.0,9150.0,9165.0,9110.0,56.0
2023.05.10,9150.0,-15.0,9120.0,9150.0,9080.0,304.0
2023.05.09,9165.0,-105.0,9245.0,9245.0,9145.0,864.0
2023.05.08,9270.0,5.0,9260.0,9285.0,9235.0,390.0
2023.05.04,9265.0,-70.0,9260.0,9270.0,9210.0,1451.0
2023.05.03,9335.0,-65.0,9400.0,9400.0,9330.0,5.0
2023.05.02,9400.0,0.0,9400.0,9400.0,9350.0,309.0
2023.04.28,9400.0,75.0,9320.0,9410.0,9320.0,301.0
2023.04.27,9325.0,-125.0,9405.0,9420.0,9325.0,1052.0
2023.04.26,9450.0,125.0,9355.0,9475.0,9200.0,334.0
2023.04.25,9325.0,-320.0,9645.0,9645.0,9245.0,1881.0
2023.04.24,9645.0,-150.0,9835.0,9835.0,9535.0,842.0
2023.04.21,9795.0,-80.0,9730.0,9895.0,9730.0,604.0
2023.04.20,9875.0,-85.0,9985.0,9985.0,9875.0,591.0
2023.04.19,9960.0,-15.0,10040.0,10115.0,9960.0,848.0
2023.04.18,9975.0,-135.0,10185.0,10235.0,9975.0,2199.0
2023.04.17,10110.0,145.0,10160.0,10160.0,10065.0,862.0
2023.04.14,9965.0,-140.0,10115.0,10170.0,9965.0,594.0
2023.04.13,10105.0,-200.0,10275.0,10320.0,9820.0,3195.0
2023.04.12,10305.0,-20.0,10410.0,10430.0,10305.0,1477.0
2023.04.11,10325.0,-100.0,10485.0,10485.0,10325.0,512.0
2023.04.10,10425.0,-100.0,10525.0,10525.0,10425.0,105.0
2023.04.07,10525.0,120.0,10510.0,10565.0,10455.0,149.0
2023.04.06,10405.0,-80.0,10365.0,10405.0,10325.0,322.0
2023.04.05,10485.0,40.0,10485.0,10575.0,10485.0,365.0
2023.04.04,10445.0,0.0,10445.0,10445.0,10415.0,123.0
2023.04.03,10445.0,130.0,10315.0,10510.0,10305.0,916.0
2023.03.31,10315.0,65.0,10250.0,10315.0,10175.0,938.0
2023.03.30,10250.0,10.0,10315.0,10375.0,10145.0,771.0
2023.03.29,10240.0,225.0,10155.0,10300.0,10060.0,2327.0
2023.03.28,10015.0,-115.0,10105.0,10105.0,10015.0,100.0
2023.03.27,10130.0,65.0,10145.0,10210.0,10020.0,2259.0
2023.03.24,10065.0,215.0,10100.0,10155.0,9890.0,2614.0
2023.03.23,9850.0,75.0,9745.0,9850.0,9530.0,857.0
2023.03.22,9775.0,125.0,9635.0,9780.0,9635.0,1425.0
2023.03.21,9650.0,175.0,9700.0,9700.0,9625.0,523.0
2023.03.20,9475.0,-125.0,9700.0,9700.0,9475.0,1284.0
2023.03.17,9600.0,245.0,9400.0,9655.0,9400.0,686.0
2023.03.16,9355.0,-225.0,9425.0,9455.0,9355.0,921.0
2023.03.15,9580.0,25.0,9555.0,9600.0,9455.0,3177.0
2023.03.14,9555.0,25.0,9535.0,9555.0,9415.0,1195.0
2023.03.13,9530.0,-45.0,9375.0,9530.0,9300.0,843.0
2023.03.10,9575.0,-260.0,9645.0,9645.0,9455.0,1826.0
2023.03.09,9835.0,5.0,9830.0,9835.0,9710.0,474.0
2023.03.08,9830.0,-85.0,9920.0,9920.0,9780.0,1343.0
2023.03.07,9915.0,-105.0,9990.0,10020.0,9910.0,2280.0
2023.03.06,10020.0,-50.0,9970.0,10020.0,9890.0,281.0
2023.03.03,10070.0,65.0,10250.0,10250.0,10040.0,1079.0
2023.03.02,10005.0,355.0,10060.0,10060.0,9950.0,480.0
2023.02.28,9650.0,-175.0,9715.0,9715.0,9600.0,778.0
2023.02.27,9825.0,25.0,9735.0,9825.0,9710.0,219.0
2023.02.24,9800.0,-175.0,9815.0,10030.0,9800.0,5189.0
2023.02.23,9975.0,50.0,9890.0,9975.0,9790.0,1194.0
2023.02.22,9925.0,-160.0,9995.0,10010.0,9780.0,2609.0
2023.02.21,10085.0,-105.0,10185.0,10255.0,9960.0,1137.0
2023.02.20,10190.0,-165.0,10200.0,10255.0,10150.0,878.0
2023.02.17,10355.0,-55.0,10355.0,10355.0,10270.0,618.0
2023.02.16,10410.0,20.0,10315.0,10500.0,10305.0,1161.0
2023.02.15,10390.0,125.0,10450.0,10450.0,10205.0,1610.0
2023.02.14,10265.0,-15.0,10475.0,10560.0,10265.0,1038.0
2023.02.13,10280.0,-70.0,10610.0,10610.0,10140.0,2475.0
2023.02.10,10350.0,-65.0,10600.0,10670.0,10350.0,925.0
2023.02.09,10415.0,-5.0,10610.0,10610.0,10310.0,266.0
2023.02.08,10420.0,40.0,10430.0,10430.0,10330.0,785.0
2023.02.07,10380.0,100.0,10380.0,10385.0,10380.0,188.0
2023.02.06,10280.0,-190.0,10785.0,10785.0,10265.0,2947.0
2023.02.03,10470.0,-25.0,10525.0,10525.0,10345.0,2176.0
2023.02.02,10495.0,195.0,10600.0,10600.0,10365.0,1661.0
2023.02.01,10300.0,145.0,10235.0,10305.0,10030.0,2333.0
2023.01.31,10155.0,-25.0,10300.0,10340.0,9700.0,4603.0
2023.01.30,10180.0,-300.0,10695.0,10695.0,10180.0,2002.0
2023.01.27,10480.0,70.0,10380.0,10485.0,10360.0,7762.0
2023.01.26,10410.0,70.0,10425.0,10480.0,10205.0,5347.0
2023.01.25,10340.0,175.0,10315.0,10340.0,10265.0,293.0
2023.01.20,10165.0,170.0,10030.0,10165.0,9855.0,4891.0
2023.01.19,9995.0,-105.0,10045.0,10045.0,9965.0,702.0
2023.01.18,10100.0,45.0,10055.0,10100.0,9915.0,1608.0
2023.01.17,10055.0,55.0,10000.0,10055.0,10000.0,1011.0
2023.01.16,10000.0,-20.0,9995.0,10040.0,9985.0,1085.0
2023.01.13,10020.0,-55.0,10030.0,10030.0,9965.0,354.0
2023.01.12,10075.0,0.0,10065.0,10110.0,9815.0,2872.0
2023.01.11,10075.0,130.0,10035.0,10155.0,10000.0,2986.0
2023.01.10,9945.0,85.0,9530.0,10005.0,9530.0,1114.0
2023.01.09,9860.0,125.0,9525.0,9980.0,9525.0,2045.0
2023.01.06,9735.0,-110.0,9855.0,9875.0,9655.0,1895.0
2023.01.05,9845.0,260.0,9650.0,9865.0,9650.0,9706.0
2023.01.04,9585.0,160.0,9430.0,9705.0,9430.0,1069.0
2023.01.03,9425.0,-5.0,9430.0,9500.0,9130.0,2001.0
2023.01.02,9430.0,290.0,9375.0,9430.0,9370.0,2014.0
2022.12.29,9140.0,-130.0,9295.0,9295.0,9100.0,2045.0
2022.12.28,9270.0,90.0,9230.0,9295.0,9230.0,375.0
2022.12.27,9180.0,-55.0,9215.0,9245.0,9180.0,500.0
2022.12.26,9235.0,-45.0,9245.0,9245.0,9090.0,2855.0
2022.12.23,9280.0,-140.0,9170.0,9280.0,9130.0,643.0
2022.12.22,9420.0,290.0,9130.0,9465.0,9130.0,2489.0
2022.12.21,9130.0,-50.0,9200.0,9200.0,9130.0,19.0
2022.12.20,9180.0,-300.0,9420.0,9420.0,9110.0,4653.0
2022.12.19,9480.0,-110.0,9395.0,9705.0,9395.0,5084.0
2022.12.16,9590.0,-135.0,9645.0,9645.0,9420.0,2961.0
2022.12.15,9725.0,-40.0,9760.0,9765.0,9510.0,1197.0
2022.12.14,9765.0,130.0,9745.0,9840.0,9665.0,590.0
2022.12.13,9635.0,-135.0,9770.0,9770.0,9630.0,1309.0
2022.12.12,9770.0,-135.0,10070.0,10070.0,9690.0,2693.0
2022.12.09,9905.0,255.0,9750.0,9905.0,9680.0,1819.0
2022.12.08,9650.0,-155.0,9480.0,9770.0,9480.0,1000.0
2022.12.07,9805.0,90.0,9715.0,9815.0,9685.0,1534.0
2022.12.06,9715.0,60.0,9370.0,9840.0,9370.0,6827.0
2022.12.05,9655.0,400.0,9350.0,9670.0,9305.0,5488.0
2022.12.02,9255.0,15.0,9240.0,9275.0,9215.0,196.0
2022.12.01,9240.0,205.0,9200.0,9375.0,9150.0,935.0
2022.11.30,9035.0,150.0,8930.0,9065.0,8880.0,1075.0
2022.11.29,8885.0,190.0,8610.0,8885.0,8610.0,635.0
2022.11.28,8695.0,-10.0,8875.0,8920.0,8545.0,965.0
2022.11.25,8705.0,-345.0,8980.0,8980.0,8705.0,501.0
2022.11.24,9050.0,-100.0,9080.0,9080.0,8920.0,890.0
2022.11.23,9150.0,70.0,9205.0,9205.0,8935.0,1489.0
2022.11.22,9080.0,-250.0,9340.0,9340.0,9080.0,1165.0
2022.11.21,9330.0,-70.0,9415.0,9415.0,9100.0,2307.0
2022.11.18,9400.0,100.0,9300.0,9580.0,9300.0,2719.0
2022.11.17,9300.0,90.0,9255.0,9390.0,8985.0,2437.0
2022.11.16,9210.0,25.0,9195.0,9375.0,9120.0,1537.0
2022.11.15,9185.0,405.0,8785.0,9385.0,8755.0,7837.0
2022.11.14,8780.0,225.0,8470.0,8840.0,8470.0,4431.0
2022.11.11,8555.0,325.0,8245.0,8555.0,8245.0,2024.0
2022.11.10,8230.0,-160.0,8405.0,8430.0,7990.0,2108.0
2022.11.09,8390.0,-235.0,8610.0,8645.0,8385.0,5361.0
2022.11.08,8625.0,-265.0,8780.0,8780.0,8520.0,1551.0
2022.11.07,8890.0,225.0,8490.0,8965.0,8490.0,1254.0
2022.11.04,8665.0,465.0,8300.0,8800.0,8255.0,2398.0
2022.11.03,8200.0,-285.0,8395.0,8395.0,8200.0,319.0
2022.11.02,8485.0,290.0,8190.0,8485.0,8065.0,2316.0
2022.11.01,8195.0,245.0,7855.0,8195.0,7795.0,4370.0
2022.10.31,7950.0,190.0,7760.0,7975.0,7740.0,2549.0
2022.10.28,7760.0,-350.0,8110.0,8110.0,7735.0,684.0
2022.10.27,8110.0,215.0,8025.0,8275.0,8020.0,5066.0
2022.10.26,7895.0,-50.0,7370.0,8095.0,7370.0,19273.0
2022.10.25,7945.0,240.0,7875.0,8045.0,7625.0,6670.0
2022.10.24,7705.0,-685.0,8480.0,8480.0,7640.0,3633.0
2022.10.21,8390.0,-75.0,8405.0,8435.0,8390.0,223.0
2022.10.20,8465.0,-115.0,8580.0,8580.0,8175.0,3490.0
2022.10.19,8580.0,-125.0,8760.0,8760.0,8505.0,5527.0
2022.10.18,8705.0,200.0,8620.0,8705.0,8555.0,7539.0
2022.10.17,8505.0,-240.0,8745.0,8745.0,8440.0,670.0
2022.10.14,8745.0,175.0,8900.0,8900.0,8635.0,620.0
2022.10.13,8570.0,-105.0,8675.0,8675.0,8540.0,292.0
2022.10.12,8675.0,-95.0,8705.0,8705.0,8445.0,1457.0
2022.10.11,8770.0,-480.0,9070.0,9070.0,8635.0,22809.0
2022.10.07,9250.0,-180.0,9430.0,9510.0,9250.0,3675.0
2022.10.06,9430.0,-125.0,9555.0,9555.0,9430.0,179.0
2022.10.05,9555.0,220.0,9335.0,9665.0,9255.0,15182.0
2022.10.04,9335.0,155.0,9285.0,9335.0,9255.0,21.0
2022.09.30,9180.0,-175.0,9355.0,9360.0,9105.0,2622.0
2022.09.29,9355.0,-165.0,9455.0,9575.0,9315.0,6307.0
2022.09.28,9520.0,-125.0,9800.0,9815.0,9490.0,3127.0
2022.09.27,9645.0,-25.0,9745.0,9745.0,9590.0,728.0
2022.09.26,9670.0,-45.0,9550.0,9700.0,9550.0,305.0
2022.09.23,9715.0,-75.0,9765.0,9765.0,9630.0,194.0
2022.09.22,9790.0,-120.0,9910.0,9910.0,9695.0,1907.0
2022.09.21,9910.0,-260.0,10100.0,10170.0,9825.0,2787.0
2022.09.20,10170.0,150.0,10020.0,10205.0,9940.0,699.0
2022.09.19,10020.0,-275.0,10270.0,10270.0,9975.0,1928.0
2022.09.16,10295.0,-140.0,10465.0,10465.0,10295.0,237.0
2022.09.15,10435.0,-70.0,10520.0,10520.0,10435.0,145.0
2022.09.14,10505.0,-260.0,10765.0,10765.0,10280.0,806.0
2022.09.13,10765.0,180.0,11300.0,11570.0,10755.0,2378.0
2022.09.08,10585.0,0.0,10585.0,10670.0,10585.0,598.0
2022.09.07,10585.0,10.0,10625.0,10650.0,10585.0,3525.0
2022.09.06,10575.0,-135.0,10945.0,10945.0,10505.0,5090.0
2022.09.05,10710.0,-60.0,10640.0,10710.0,10560.0,212.0
2022.09.02,10770.0,-65.0,11080.0,11080.0,10735.0,2327.0
2022.09.01,10835.0,5.0,10820.0,10910.0,10800.0,2932.0
2022.08.31,10830.0,75.0,10710.0,10875.0,10070.0,1078.0
2022.08.30,10755.0,-165.0,11000.0,11000.0,10600.0,3698.0
2022.08.29,10920.0,-105.0,10885.0,10925.0,10795.0,557.0
2022.08.26,11025.0,300.0,10790.0,11070.0,10790.0,6371.0
2022.08.25,10725.0,180.0,10570.0,10925.0,10405.0,1910.0
2022.08.24,10545.0,-190.0,10865.0,10865.0,10480.0,2837.0
2022.08.23,10735.0,-15.0,10900.0,10900.0,10690.0,802.0
2022.08.22,10750.0,-75.0,10820.0,10825.0,10735.0,754.0
2022.08.19,10825.0,-20.0,10840.0,10895.0,10795.0,521.0
2022.08.18,10845.0,-35.0,10770.0,10885.0,10715.0,1005.0
2022.08.17,10880.0,140.0,10725.0,10910.0,10620.0,974.0
2022.08.16,10740.0,-160.0,10900.0,10900.0,10740.0,5328.0
2022.08.12,10900.0,30.0,10870.0,10945.0,10825.0,1348.0
2022.08.11,10870.0,390.0,10870.0,10870.0,10685.0,2046.0
2022.08.10,10480.0,-255.0,10590.0,10680.0,10435.0,1043.0
2022.08.09,10735.0,-95.0,11050.0,11050.0,10615.0,4401.0
2022.08.08,10830.0,-70.0,10900.0,10900.0,10735.0,1702.0
2022.08.05,10900.0,175.0,10610.0,10900.0,10600.0,2203.0
2022.08.04,10725.0,140.0,10390.0,10750.0,10390.0,21189.0
2022.08.03,10585.0,140.0,10380.0,10595.0,10380.0,93.0
2022.08.02,10445.0,-220.0,10515.0,10625.0,10270.0,2840.0
2022.08.01,10665.0,190.0,10525.0,10725.0,10370.0,4014.0
2022.07.29,10475.0,-315.0,10760.0,10795.0,10380.0,5923.0
2022.07.28,10790.0,-80.0,10780.0,10835.0,10725.0,1125.0
2022.07.27,10870.0,-20.0,10935.0,10935.0,10755.0,219.0
2022.07.26,10890.0,90.0,10815.0,10890.0,10815.0,280.0
2022.07.25,10800.0,-195.0,11040.0,11040.0,10740.0,1879.0
2022.07.22,10995.0,-155.0,11125.0,11125.0,10990.0,1400.0
2022.07.21,11150.0,85.0,10905.0,11155.0,10815.0,1063.0
2022.07.20,11065.0,275.0,10965.0,11125.0,10855.0,2235.0
2022.07.19,10790.0,-185.0,10975.0,10980.0,10755.0,815.0
2022.07.18,10975.0,65.0,10860.0,10975.0,10695.0,4096.0
2022.07.15,10910.0,5.0,10820.0,10985.0,10820.0,4410.0
2022.07.14,10905.0,75.0,10760.0,10905.0,10755.0,52.0
2022.07.13,10830.0,-130.0,10835.0,10890.0,10830.0,863.0
2022.07.12,10960.0,-100.0,11095.0,11110.0,10895.0,6172.0
2022.07.11,11060.0,-350.0,11100.0,11330.0,10955.0,6588.0
2022.07.08,11410.0,190.0,11240.0,11490.0,11240.0,259.0
2022.07.07,11220.0,45.0,11175.0,11230.0,11000.0,1862.0
2022.07.06,11175.0,-215.0,11385.0,11385.0,11015.0,2354.0
2022.07.05,11390.0,-45.0,11520.0,11520.0,11295.0,1294.0
2022.07.04,11435.0,-85.0,11530.0,11530.0,11390.0,2923.0
2022.07.01,11520.0,-140.0,11660.0,11660.0,11455.0,2922.0
2022.06.30,11660.0,-15.0,11725.0,11725.0,11535.0,6722.0
2022.06.29,11675.0,-95.0,11985.0,11985.0,11615.0,3546.0
2022.06.28,11770.0,-15.0,11605.0,11830.0,11455.0,3807.0
2022.06.27,11785.0,335.0,11515.0,11940.0,11375.0,2305.0
2022.06.24,11450.0,365.0,11230.0,11450.0,10900.0,2002.0
2022.06.23,11085.0,-15.0,11390.0,11390.0,10960.0,7483.0
2022.06.22,11100.0,-300.0,11450.0,11525.0,11015.0,5641.0
2022.06.21,11400.0,330.0,11260.0,11400.0,11180.0,5262.0
2022.06.20,11070.0,-30.0,11300.0,11300.0,10900.0,1715.0
2022.06.17,11100.0,-230.0,11210.0,11300.0,10875.0,3453.0
2022.06.16,11330.0,-120.0,11450.0,11475.0,11250.0,5674.0
2022.06.15,11450.0,375.0,11305.0,11450.0,11125.0,9956.0
2022.06.14,11075.0,-150.0,11035.0,11305.0,10830.0,21997.0
2022.06.13,11225.0,-260.0,11100.0,11615.0,11100.0,8210.0
2022.06.10,11485.0,170.0,11260.0,11485.0,11120.0,7624.0
2022.06.09,11315.0,-75.0,11615.0,11815.0,11070.0,11658.0
2022.06.08,11390.0,365.0,11400.0,11415.0,11195.0,9187.0
2022.06.07,11025.0,145.0,11290.0,11290.0,10950.0,7130.0
2022.06.03,10880.0,210.0,10730.0,10895.0,10540.0,13040.0
2022.06.02,10670.0,-130.0,10800.0,10800.0,10490.0,11473.0
2022.05.31,10800.0,565.0,10305.0,10800.0,10300.0,130324.0
2022.05.30,10235.0,215.0,10300.0,10300.0,10195.0,4444.0
2022.05.27,10020.0,90.0,9930.0,10185.0,9930.0,30894.0
2022.05.26,9930.0,-15.0,10050.0,10050.0,9780.0,1260.0
2022.05.25,9945.0,-145.0,10005.0,10045.0,9840.0,24741.0
2022.05.24,10090.0,-255.0,10345.0,10345.0,10000.0,3236.0
2022.05.23,10345.0,25.0,10320.0,10660.0,10190.0,95570.0
2022.05.20,10320.0,185.0,10075.0,10410.0,10075.0,55700.0
2022.05.19,10135.0,-260.0,10395.0,10405.0,9940.0,109810.0
2022.05.18,10395.0,70.0,10435.0,10435.0,10210.0,85811.0
2022.05.17,10325.0,370.0,9950.0,10325.0,9940.0,177297.0
